EventID,SystemTime,Keywords
4104,2020-08-26 05:09:28.845522,0x0000000000000000
800,2020-08-26 05:09:33.349710,0x0080000000000000
800,2020-08-26 05:09:33.505878,0x0080000000000000
800,2020-08-26 05:09:29.083920,0x0080000000000000
800,2020-08-26 05:09:29.115150,0x0080000000000000
1,2020-08-26 05:09:33.504646,0x8000000000000000
1,2021-08-07 23:32:57.348249,0x8000000000000000
4663,2021-08-07 23:33:00.588511,0x8020000000000000
4663,2021-08-07 23:33:00.594948,0x8020000000000000
4663,2021-08-07 23:33:00.595251,0x8020000000000000
4663,2021-08-07 23:33:00.595337,0x8020000000000000
4663,2021-08-07 23:33:00.595411,0x8020000000000000
4663,2021-08-07 23:33:00.610058,0x8020000000000000
1,2021-08-07 23:33:01.103287,0x8000000000000000
1,2021-08-07 23:33:01.176666,0x8000000000000000
1,2021-08-07 23:33:08.346260,0x8000000000000000
1,2021-08-07 23:33:15.303423,0x8000000000000000
131,2019-08-27 17:16:28.543879,0x4000000000000000
65,2019-08-27 17:16:28.546169,0x4000000000000000
72,2019-08-27 17:16:28.548439,0x4000000000000000
72,2019-08-27 17:16:28.548452,0x4000000000000000
141,2019-08-27 17:16:28.549456,0x4000000000000000
143,2019-08-27 17:16:34.851925,0x4000000000000000
226,2019-08-27 17:16:34.851971,0x4000000000000000
142,2019-08-27 17:16:34.851986,0x4000000000000000
72,2019-08-27 17:16:34.852436,0x4000000000000000
102,2019-08-27 17:16:34.852451,0x4000000000000000
145,2019-08-27 17:16:34.852455,0x4000000000000000
148,2019-08-27 17:16:34.852505,0x4000000000000000
103,2019-08-27 17:16:34.852505,0x4000000000000000
148,2019-08-27 17:16:34.852510,0x4000000000000000
148,2019-08-27 17:16:34.852516,0x4000000000000000
131,2019-08-27 17:17:42.659937,0x4000000000000000
65,2019-08-27 17:17:42.662613,0x4000000000000000
72,2019-08-27 17:17:42.665415,0x4000000000000000
72,2019-08-27 17:17:42.665430,0x4000000000000000
141,2019-08-27 17:17:42.666792,0x4000000000000000
143,2019-08-27 17:17:42.684162,0x4000000000000000
226,2019-08-27 17:17:42.684210,0x4000000000000000
142,2019-08-27 17:17:42.684229,0x4000000000000000
72,2019-08-27 17:17:42.684807,0x4000000000000000
102,2019-08-27 17:17:42.684826,0x4000000000000000
145,2019-08-27 17:17:42.684828,0x4000000000000000
148,2019-08-27 17:17:42.684835,0x4000000000000000
148,2019-08-27 17:17:42.684839,0x4000000000000000
148,2019-08-27 17:17:42.684843,0x4000000000000000
103,2019-08-27 17:17:42.684856,0x4000000000000000
131,2019-08-27 17:17:44.948782,0x4000000000000000
65,2019-08-27 17:17:44.952095,0x4000000000000000
72,2019-08-27 17:17:44.956211,0x4000000000000000
72,2019-08-27 17:17:44.956255,0x4000000000000000
141,2019-08-27 17:17:44.958157,0x4000000000000000
101,2019-08-27 17:17:45.621407,0x4000000000000000
132,2019-08-27 17:17:45.621433,0x4000000000000000
132,2019-08-27 17:17:45.621445,0x4000000000000000
72,2019-08-27 17:17:45.621473,0x4000000000000000
72,2019-08-27 17:17:45.621618,0x4000000000000000
104,2019-08-27 17:17:45.622038,0x4000000000000000
71,2019-08-27 17:17:45.622046,0x4000000000000000
227,2019-08-27 17:17:45.622335,0x4000000000000000
72,2019-08-27 17:17:45.622351,0x4000000000000000
72,2019-08-27 17:17:45.623693,0x4000000000000000
72,2019-08-27 17:17:45.623751,0x4000000000000000
98,2019-08-27 17:17:45.624254,0x4000000000000000
100,2019-08-27 17:17:45.624260,0x4000000000000000
135,2019-08-27 17:17:45.624287,0x4000000000000000
130,2019-08-27 17:17:45.625322,0x4000000000000000
72,2019-08-27 17:17:45.626534,0x4000000000000000
131,2019-08-27 17:17:45.647913,0x4000000000000000
66,2019-08-27 17:17:46.547380,0x4000000000000000
33,2019-08-27 17:17:46.553440,0x4000000000000000
132,2019-08-27 17:17:46.553442,0x4000000000000000
132,2019-08-27 17:17:46.567173,0x4000000000000000
135,2019-08-27 17:17:46.567417,0x4000000000000000
169,2019-08-27 17:17:46.567652,0x4000000000000000
72,2019-08-27 17:17:46.567978,0x4000000000000000
72,2019-08-27 17:17:46.567982,0x4000000000000000
135,2019-08-27 17:17:46.568399,0x4000000000000000
132,2019-08-27 17:17:46.568485,0x4000000000000000
132,2019-08-27 17:17:46.571623,0x4000000000000000
162,2019-08-27 17:17:46.742779,0x4000000000000000
132,2019-08-27 17:17:46.751617,0x4000000000000000
132,2019-08-27 17:17:46.754324,0x4000000000000000
132,2019-08-27 17:17:46.754370,0x4000000000000000
72,2019-08-27 17:17:47.401146,0x4000000000000000
72,2019-08-27 17:17:47.416897,0x4000000000000000
168,2019-08-27 17:17:47.421539,0x4000000000000000
258,2019-08-27 17:17:47.617830,0x4000000000000000
68,2019-08-27 17:17:47.625961,0x4000000000000000
148,2019-08-27 17:17:47.627583,0x4000000000000000
132,2019-08-27 17:17:47.875929,0x4000000000000000
132,2019-08-27 17:17:48.098223,0x4000000000000000
132,2019-08-27 17:17:48.118258,0x4000000000000000
132,2019-08-27 17:17:48.161579,0x4000000000000000
227,2019-08-27 17:17:48.480997,0x4000000000000000
132,2019-08-27 17:17:49.145441,0x4000000000000000
148,2019-08-27 17:17:49.145576,0x4000000000000000
227,2019-08-27 17:17:49.145603,0x4000000000000000
148,2019-08-27 17:17:49.157368,0x4000000000000000
227,2019-08-27 17:17:49.157740,0x4000000000000000
132,2019-08-27 17:17:49.157921,0x4000000000000000
132,2019-08-27 17:17:49.236879,0x4000000000000000
132,2019-08-27 17:17:49.548286,0x4000000000000000
132,2019-08-27 17:17:49.758976,0x4000000000000000
148,2019-08-27 17:17:49.816111,0x4000000000000000
132,2019-08-27 17:17:50.112074,0x4000000000000000
132,2019-08-27 17:17:51.994240,0x4000000000000000
132,2019-08-27 17:17:53.201986,0x4000000000000000
132,2019-08-27 17:17:55.038021,0x4000000000000000
132,2019-08-27 17:17:57.029985,0x4000000000000000
228,2019-08-27 17:26:41.767599,0x4000000000000000
72,2019-08-27 17:26:41.767616,0x4000000000000000
72,2019-08-27 17:26:41.767632,0x4000000000000000
72,2019-08-27 17:26:41.772884,0x4000000000000000
72,2019-08-27 17:26:41.772888,0x4000000000000000
72,2019-08-27 17:26:41.784435,0x4000000000000000
103,2019-08-27 17:26:41.784929,0x4000000000000000
148,2019-08-27 17:26:41.816319,0x4000000000000000
143,2019-08-27 17:26:41.829224,0x4000000000000000
226,2019-08-27 17:26:41.829256,0x4000000000000000
142,2019-08-27 17:26:41.829273,0x4000000000000000
72,2019-08-27 17:26:41.866907,0x4000000000000000
102,2019-08-27 17:26:41.866940,0x4000000000000000
145,2019-08-27 17:26:41.866941,0x4000000000000000
148,2019-08-27 17:26:41.866949,0x4000000000000000
148,2019-08-27 17:26:41.866955,0x4000000000000000
148,2019-08-27 17:26:41.866959,0x4000000000000000
148,2019-08-27 17:26:41.867214,0x4000000000000000
148,2019-08-27 17:26:41.867237,0x4000000000000000
148,2019-08-27 17:26:41.867243,0x4000000000000000
148,2019-08-27 17:26:41.867249,0x4000000000000000
148,2019-08-27 17:26:41.867256,0x4000000000000000
148,2019-08-27 17:26:41.870134,0x4000000000000000
148,2019-08-27 17:26:41.870150,0x4000000000000000
148,2019-08-27 17:26:41.870157,0x4000000000000000
148,2019-08-27 17:26:41.870165,0x4000000000000000
148,2019-08-27 17:26:41.870939,0x4000000000000000
148,2019-08-27 17:26:41.870977,0x4000000000000000
148,2019-08-27 17:26:41.872190,0x4000000000000000
148,2019-08-27 17:26:41.872511,0x4000000000000000
148,2019-08-27 17:26:41.873337,0x4000000000000000
148,2019-08-27 17:26:41.873816,0x4000000000000000
148,2019-08-27 17:26:41.874819,0x4000000000000000
148,2019-08-27 17:26:41.875307,0x4000000000000000
148,2019-08-27 17:26:41.875984,0x4000000000000000
148,2019-08-27 17:26:41.876690,0x4000000000000000
148,2019-08-27 17:26:41.877310,0x4000000000000000
229,2019-08-28 03:36:49.647284,0x4000000000000000
227,2019-08-28 03:36:49.647339,0x4000000000000000
229,2019-08-28 03:36:49.647356,0x4000000000000000
229,2019-08-28 03:36:49.826771,0x4000000000000000
70,2019-08-28 03:36:49.826775,0x4000000000000000
129,2019-08-28 03:36:49.907396,0x4000000000000000
129,2019-08-28 03:36:49.907570,0x4000000000000000
129,2019-08-28 03:36:49.997723,0x4000000000000000
129,2019-08-28 03:36:49.999348,0x4000000000000000
229,2019-08-28 18:59:59.825874,0x4000000000000000
227,2019-08-28 18:59:59.825935,0x4000000000000000
229,2019-08-28 18:59:59.825951,0x4000000000000000
229,2019-08-28 18:59:59.972883,0x4000000000000000
70,2019-08-28 18:59:59.972885,0x4000000000000000
129,2019-08-28 18:59:59.999935,0x4000000000000000
129,2019-08-28 19:00:00.000151,0x4000000000000000
129,2019-08-28 19:00:00.013855,0x4000000000000000
129,2019-08-28 19:00:00.015667,0x4000000000000000
131,2019-08-28 10:02:52.049362,0x4000000000000000
65,2019-08-28 10:02:52.062550,0x4000000000000000
72,2019-08-28 10:02:52.065178,0x4000000000000000
72,2019-08-28 10:02:52.065191,0x4000000000000000
141,2019-08-28 10:02:52.079420,0x4000000000000000
142,2019-08-28 10:02:52.171679,0x4000000000000000
143,2019-08-28 10:02:52.171680,0x4000000000000000
226,2019-08-28 10:02:52.171728,0x4000000000000000
72,2019-08-28 10:02:52.172186,0x4000000000000000
102,2019-08-28 10:02:52.172249,0x4000000000000000
145,2019-08-28 10:02:52.172253,0x4000000000000000
148,2019-08-28 10:02:52.172258,0x4000000000000000
148,2019-08-28 10:02:52.172264,0x4000000000000000
148,2019-08-28 10:02:52.172266,0x4000000000000000
103,2019-08-28 10:02:52.172291,0x4000000000000000
131,2019-08-28 10:02:54.594028,0x4000000000000000
65,2019-08-28 10:02:54.608280,0x4000000000000000
72,2019-08-28 10:02:54.616022,0x4000000000000000
72,2019-08-28 10:02:54.616045,0x4000000000000000
141,2019-08-28 10:02:54.623096,0x4000000000000000
101,2019-08-28 10:02:55.034092,0x4000000000000000
132,2019-08-28 10:02:55.034121,0x4000000000000000
132,2019-08-28 10:02:55.034134,0x4000000000000000
72,2019-08-28 10:02:55.034166,0x4000000000000000
72,2019-08-28 10:02:55.035675,0x4000000000000000
104,2019-08-28 10:02:55.037159,0x4000000000000000
71,2019-08-28 10:02:55.037169,0x4000000000000000
227,2019-08-28 10:02:55.038342,0x4000000000000000
72,2019-08-28 10:02:55.038370,0x4000000000000000
72,2019-08-28 10:02:55.041475,0x4000000000000000
72,2019-08-28 10:02:55.041615,0x4000000000000000
98,2019-08-28 10:02:55.041983,0x4000000000000000
100,2019-08-28 10:02:55.041988,0x4000000000000000
135,2019-08-28 10:02:55.042017,0x4000000000000000
130,2019-08-28 10:02:55.043068,0x4000000000000000
72,2019-08-28 10:02:55.045151,0x4000000000000000
131,2019-08-28 10:02:55.075224,0x4000000000000000
66,2019-08-28 10:02:55.898117,0x4000000000000000
33,2019-08-28 10:02:55.938219,0x4000000000000000
132,2019-08-28 10:02:55.938782,0x4000000000000000
132,2019-08-28 10:02:55.960373,0x4000000000000000
135,2019-08-28 10:02:55.960571,0x4000000000000000
72,2019-08-28 10:02:55.960899,0x4000000000000000
72,2019-08-28 10:02:55.960901,0x4000000000000000
169,2019-08-28 10:02:55.961475,0x4000000000000000
135,2019-08-28 10:02:55.961624,0x4000000000000000
132,2019-08-28 10:02:55.961754,0x4000000000000000
132,2019-08-28 10:02:55.965504,0x4000000000000000
162,2019-08-28 10:02:56.943882,0x4000000000000000
132,2019-08-28 10:02:57.006348,0x4000000000000000
132,2019-08-28 10:02:57.006559,0x4000000000000000
132,2019-08-28 10:02:57.006565,0x4000000000000000
72,2019-08-28 10:02:57.206612,0x4000000000000000
72,2019-08-28 10:02:57.218672,0x4000000000000000
258,2019-08-28 10:02:57.310715,0x4000000000000000
168,2019-08-28 10:02:57.313540,0x4000000000000000
132,2019-08-28 10:02:57.579079,0x4000000000000000
227,2019-08-28 10:02:57.739267,0x4000000000000000
68,2019-08-28 10:02:58.219519,0x4000000000000000
148,2019-08-28 10:02:58.222162,0x4000000000000000
132,2019-08-28 10:02:58.340822,0x4000000000000000
132,2019-08-28 10:02:58.343098,0x4000000000000000
132,2019-08-28 10:02:58.344133,0x4000000000000000
148,2019-08-28 10:02:58.505753,0x4000000000000000
132,2019-08-28 10:02:58.505932,0x4000000000000000
227,2019-08-28 10:02:58.506155,0x4000000000000000
132,2019-08-28 10:02:58.529013,0x4000000000000000
132,2019-08-28 10:02:58.581463,0x4000000000000000
132,2019-08-28 10:02:58.603285,0x4000000000000000
148,2019-08-28 10:02:58.603336,0x4000000000000000
227,2019-08-28 10:02:58.603401,0x4000000000000000
132,2019-08-28 10:02:59.042809,0x4000000000000000
148,2019-08-28 10:02:59.068663,0x4000000000000000
107,2019-08-28 10:07:43.924049,0x4000000000000000
226,2019-08-28 10:07:43.924559,0x4000000000000000
72,2019-08-28 10:07:44.045027,0x4000000000000000
102,2019-08-28 10:07:44.045467,0x4000000000000000
145,2019-08-28 10:07:44.045473,0x4000000000000000
148,2019-08-28 10:07:44.045485,0x4000000000000000
148,2019-08-28 10:07:44.045490,0x4000000000000000
148,2019-08-28 10:07:44.045498,0x4000000000000000
148,2019-08-28 10:07:44.045523,0x4000000000000000
148,2019-08-28 10:07:44.045527,0x4000000000000000
148,2019-08-28 10:07:44.045851,0x4000000000000000
148,2019-08-28 10:07:44.045879,0x4000000000000000
148,2019-08-28 10:07:44.045898,0x4000000000000000
148,2019-08-28 10:07:44.045902,0x4000000000000000
148,2019-08-28 10:07:44.045925,0x4000000000000000
148,2019-08-28 10:07:44.045935,0x4000000000000000
148,2019-08-28 10:07:44.045942,0x4000000000000000
148,2019-08-28 10:07:44.046436,0x4000000000000000
148,2019-08-28 10:07:44.046455,0x4000000000000000
148,2019-08-28 10:07:44.046688,0x4000000000000000
228,2019-08-28 10:07:44.046722,0x4000000000000000
72,2019-08-28 10:07:44.046728,0x4000000000000000
72,2019-08-28 10:07:44.046738,0x4000000000000000
148,2019-08-28 10:07:44.047239,0x4000000000000000
148,2019-08-28 10:07:44.047523,0x4000000000000000
148,2019-08-28 10:07:44.047920,0x4000000000000000
72,2019-08-28 10:07:44.092049,0x4000000000000000
72,2019-08-28 10:07:44.092054,0x4000000000000000
72,2019-08-28 10:07:44.095476,0x4000000000000000
103,2019-08-28 10:07:44.095484,0x4000000000000000
131,2019-08-28 13:42:28.567844,0x4000000000000000
65,2019-08-28 13:42:28.569815,0x4000000000000000
72,2019-08-28 13:42:28.572178,0x4000000000000000
72,2019-08-28 13:42:28.572189,0x4000000000000000
141,2019-08-28 13:42:28.573231,0x4000000000000000
143,2019-08-28 13:42:28.632364,0x4000000000000000
226,2019-08-28 13:42:28.632406,0x4000000000000000
142,2019-08-28 13:42:28.632460,0x4000000000000000
72,2019-08-28 13:42:28.632847,0x4000000000000000
102,2019-08-28 13:42:28.632860,0x4000000000000000
145,2019-08-28 13:42:28.632862,0x4000000000000000
148,2019-08-28 13:42:28.632868,0x4000000000000000
148,2019-08-28 13:42:28.632874,0x4000000000000000
148,2019-08-28 13:42:28.632875,0x4000000000000000
103,2019-08-28 13:42:28.632971,0x4000000000000000
131,2019-08-28 13:42:31.117966,0x4000000000000000
65,2019-08-28 13:42:31.128525,0x4000000000000000
72,2019-08-28 13:42:31.141161,0x4000000000000000
72,2019-08-28 13:42:31.141207,0x4000000000000000
141,2019-08-28 13:42:31.146120,0x4000000000000000
101,2019-08-28 13:42:32.091261,0x4000000000000000
132,2019-08-28 13:42:32.091290,0x4000000000000000
132,2019-08-28 13:42:32.091307,0x4000000000000000
72,2019-08-28 13:42:32.091337,0x4000000000000000
72,2019-08-28 13:42:32.091518,0x4000000000000000
104,2019-08-28 13:42:32.091930,0x4000000000000000
71,2019-08-28 13:42:32.091946,0x4000000000000000
227,2019-08-28 13:42:32.092123,0x4000000000000000
72,2019-08-28 13:42:32.092138,0x4000000000000000
72,2019-08-28 13:42:32.093397,0x4000000000000000
72,2019-08-28 13:42:32.093559,0x4000000000000000
98,2019-08-28 13:42:32.094490,0x4000000000000000
100,2019-08-28 13:42:32.094498,0x4000000000000000
135,2019-08-28 13:42:32.094530,0x4000000000000000
72,2019-08-28 13:42:32.095062,0x4000000000000000
130,2019-08-28 13:42:32.095655,0x4000000000000000
131,2019-08-28 13:42:32.133560,0x4000000000000000
66,2019-08-28 13:42:32.648924,0x4000000000000000
132,2019-08-28 13:42:32.653196,0x4000000000000000
33,2019-08-28 13:42:32.653240,0x4000000000000000
132,2019-08-28 13:42:32.667931,0x4000000000000000
135,2019-08-28 13:42:32.668625,0x4000000000000000
169,2019-08-28 13:42:32.669275,0x4000000000000000
72,2019-08-28 13:42:32.669603,0x4000000000000000
72,2019-08-28 13:42:32.669605,0x4000000000000000
135,2019-08-28 13:42:32.669683,0x4000000000000000
132,2019-08-28 13:42:32.670603,0x4000000000000000
132,2019-08-28 13:42:32.672911,0x4000000000000000
162,2019-08-28 13:42:33.484566,0x4000000000000000
132,2019-08-28 13:42:33.506128,0x4000000000000000
132,2019-08-28 13:42:33.517904,0x4000000000000000
132,2019-08-28 13:42:33.518063,0x4000000000000000
72,2019-08-28 13:42:33.663103,0x4000000000000000
72,2019-08-28 13:42:33.670704,0x4000000000000000
258,2019-08-28 13:42:33.802269,0x4000000000000000
168,2019-08-28 13:42:33.841494,0x4000000000000000
68,2019-08-28 13:42:34.083382,0x4000000000000000
148,2019-08-28 13:42:34.088589,0x4000000000000000
132,2019-08-28 13:42:34.096851,0x4000000000000000
132,2019-08-28 13:42:34.141495,0x4000000000000000
132,2019-08-28 13:42:34.176392,0x4000000000000000
132,2019-08-28 13:42:34.184328,0x4000000000000000
227,2019-08-28 13:42:34.245193,0x4000000000000000
132,2019-08-28 13:42:34.625687,0x4000000000000000
148,2019-08-28 13:42:34.625977,0x4000000000000000
227,2019-08-28 13:42:34.626001,0x4000000000000000
227,2019-08-28 13:42:34.688728,0x4000000000000000
148,2019-08-28 13:42:34.689238,0x4000000000000000
132,2019-08-28 13:42:34.689390,0x4000000000000000
132,2019-08-28 13:42:34.701433,0x4000000000000000
132,2019-08-28 13:42:34.744837,0x4000000000000000
132,2019-08-28 13:42:34.944834,0x4000000000000000
148,2019-08-28 13:42:34.993677,0x4000000000000000
228,2019-08-28 13:57:47.556559,0x4000000000000000
72,2019-08-28 13:57:47.556570,0x4000000000000000
72,2019-08-28 13:57:47.556583,0x4000000000000000
72,2019-08-28 13:57:47.559168,0x4000000000000000
72,2019-08-28 13:57:47.559170,0x4000000000000000
72,2019-08-28 13:57:47.677689,0x4000000000000000
103,2019-08-28 13:57:47.677696,0x4000000000000000
142,2019-08-28 13:57:47.678234,0x4000000000000000
226,2019-08-28 13:57:47.678255,0x4000000000000000
143,2019-08-28 13:57:47.684361,0x4000000000000000
148,2019-08-28 13:57:47.697565,0x4000000000000000
72,2019-08-28 13:57:47.699562,0x4000000000000000
102,2019-08-28 13:57:47.699591,0x4000000000000000
145,2019-08-28 13:57:47.699593,0x4000000000000000
148,2019-08-28 13:57:47.699600,0x4000000000000000
148,2019-08-28 13:57:47.699604,0x4000000000000000
148,2019-08-28 13:57:47.699610,0x4000000000000000
148,2019-08-28 13:57:47.699955,0x4000000000000000
148,2019-08-28 13:57:47.700211,0x4000000000000000
148,2019-08-28 13:57:47.700216,0x4000000000000000
148,2019-08-28 13:57:47.700222,0x4000000000000000
148,2019-08-28 13:57:47.700228,0x4000000000000000
148,2019-08-28 13:57:47.703621,0x4000000000000000
148,2019-08-28 13:57:47.703632,0x4000000000000000
148,2019-08-28 13:57:47.703638,0x4000000000000000
148,2019-08-28 13:57:47.703644,0x4000000000000000
148,2019-08-28 13:57:47.704176,0x4000000000000000
148,2019-08-28 13:57:47.704191,0x4000000000000000
148,2019-08-28 13:57:47.705780,0x4000000000000000
148,2019-08-28 13:57:47.706978,0x4000000000000000
148,2019-08-28 13:57:47.708944,0x4000000000000000
148,2019-08-28 13:57:47.709391,0x4000000000000000
131,2019-08-28 13:58:34.152891,0x4000000000000000
65,2019-08-28 13:58:34.155205,0x4000000000000000
72,2019-08-28 13:58:34.157835,0x4000000000000000
72,2019-08-28 13:58:34.157852,0x4000000000000000
141,2019-08-28 13:58:34.159256,0x4000000000000000
142,2019-08-28 13:58:34.188311,0x4000000000000000
143,2019-08-28 13:58:34.188311,0x4000000000000000
226,2019-08-28 13:58:34.188351,0x4000000000000000
72,2019-08-28 13:58:34.188831,0x4000000000000000
102,2019-08-28 13:58:34.188848,0x4000000000000000
145,2019-08-28 13:58:34.188852,0x4000000000000000
148,2019-08-28 13:58:34.188856,0x4000000000000000
148,2019-08-28 13:58:34.188862,0x4000000000000000
148,2019-08-28 13:58:34.188866,0x4000000000000000
103,2019-08-28 13:58:34.188866,0x4000000000000000
131,2019-08-28 13:58:35.380169,0x4000000000000000
65,2019-08-28 13:58:35.383442,0x4000000000000000
72,2019-08-28 13:58:35.386803,0x4000000000000000
72,2019-08-28 13:58:35.386818,0x4000000000000000
141,2019-08-28 13:58:35.388456,0x4000000000000000
101,2019-08-28 13:58:35.453152,0x4000000000000000
132,2019-08-28 13:58:35.453165,0x4000000000000000
132,2019-08-28 13:58:35.453171,0x4000000000000000
72,2019-08-28 13:58:35.453182,0x4000000000000000
72,2019-08-28 13:58:35.453243,0x4000000000000000
104,2019-08-28 13:58:35.453411,0x4000000000000000
71,2019-08-28 13:58:35.453415,0x4000000000000000
227,2019-08-28 13:58:35.453484,0x4000000000000000
72,2019-08-28 13:58:35.453489,0x4000000000000000
72,2019-08-28 13:58:35.454020,0x4000000000000000
72,2019-08-28 13:58:35.454063,0x4000000000000000
98,2019-08-28 13:58:35.454187,0x4000000000000000
100,2019-08-28 13:58:35.454189,0x4000000000000000
135,2019-08-28 13:58:35.454199,0x4000000000000000
130,2019-08-28 13:58:35.454632,0x4000000000000000
72,2019-08-28 13:58:35.455215,0x4000000000000000
131,2019-08-28 13:58:35.466009,0x4000000000000000
66,2019-08-28 13:58:36.260864,0x4000000000000000
132,2019-08-28 13:58:36.264944,0x4000000000000000
33,2019-08-28 13:58:36.264957,0x4000000000000000
132,2019-08-28 13:58:36.278646,0x4000000000000000
135,2019-08-28 13:58:36.279203,0x4000000000000000
169,2019-08-28 13:58:36.279840,0x4000000000000000
72,2019-08-28 13:58:36.279957,0x4000000000000000
72,2019-08-28 13:58:36.279991,0x4000000000000000
135,2019-08-28 13:58:36.280077,0x4000000000000000
132,2019-08-28 13:58:36.280811,0x4000000000000000
132,2019-08-28 13:58:36.283255,0x4000000000000000
162,2019-08-28 13:58:36.369984,0x4000000000000000
132,2019-08-28 13:58:36.419182,0x4000000000000000
132,2019-08-28 13:58:36.419420,0x4000000000000000
132,2019-08-28 13:58:36.419424,0x4000000000000000
72,2019-08-28 13:58:36.920641,0x4000000000000000
72,2019-08-28 13:58:36.925022,0x4000000000000000
258,2019-08-28 13:58:37.033384,0x4000000000000000
168,2019-08-28 13:58:37.042881,0x4000000000000000
68,2019-08-28 13:58:37.269314,0x4000000000000000
148,2019-08-28 13:58:37.403608,0x4000000000000000
132,2019-08-28 13:58:37.633371,0x4000000000000000
227,2019-08-28 13:58:37.766420,0x4000000000000000
132,2019-08-28 13:58:37.876478,0x4000000000000000
132,2019-08-28 13:58:37.924122,0x4000000000000000
132,2019-08-28 13:58:37.932581,0x4000000000000000
227,2019-08-28 13:58:38.113651,0x4000000000000000
148,2019-08-28 13:58:38.114691,0x4000000000000000
132,2019-08-28 13:58:38.114710,0x4000000000000000
132,2019-08-28 13:58:38.170778,0x4000000000000000
227,2019-08-28 13:58:38.171110,0x4000000000000000
148,2019-08-28 13:58:38.171188,0x4000000000000000
132,2019-08-28 13:58:38.188967,0x4000000000000000
132,2019-08-28 13:58:38.234795,0x4000000000000000
132,2019-08-28 13:58:38.539696,0x4000000000000000
148,2019-08-28 13:58:38.540911,0x4000000000000000
143,2019-08-28 14:13:36.304729,0x4000000000000000
226,2019-08-28 14:13:36.304762,0x4000000000000000
143,2019-08-28 14:13:36.304775,0x4000000000000000
143,2019-08-28 14:13:36.304779,0x4000000000000000
143,2019-08-28 14:13:36.304785,0x4000000000000000
143,2019-08-28 14:13:36.304790,0x4000000000000000
143,2019-08-28 14:13:36.304796,0x4000000000000000
143,2019-08-28 14:13:36.304802,0x4000000000000000
143,2019-08-28 14:13:36.304804,0x4000000000000000
143,2019-08-28 14:13:36.304810,0x4000000000000000
143,2019-08-28 14:13:36.304815,0x4000000000000000
143,2019-08-28 14:13:36.304821,0x4000000000000000
143,2019-08-28 14:13:36.304827,0x4000000000000000
143,2019-08-28 14:13:36.304831,0x4000000000000000
143,2019-08-28 14:13:36.304836,0x4000000000000000
143,2019-08-28 14:13:36.304840,0x4000000000000000
143,2019-08-28 14:13:36.304846,0x4000000000000000
143,2019-08-28 14:13:36.304852,0x4000000000000000
143,2019-08-28 14:13:36.304857,0x4000000000000000
143,2019-08-28 14:13:36.304861,0x4000000000000000
142,2019-08-28 14:13:36.304871,0x4000000000000000
143,2019-08-28 14:13:36.305252,0x4000000000000000
72,2019-08-28 14:13:36.442551,0x4000000000000000
102,2019-08-28 14:13:36.443129,0x4000000000000000
145,2019-08-28 14:13:36.443134,0x4000000000000000
148,2019-08-28 14:13:36.443146,0x4000000000000000
148,2019-08-28 14:13:36.443155,0x4000000000000000
148,2019-08-28 14:13:36.443159,0x4000000000000000
148,2019-08-28 14:13:36.443241,0x4000000000000000
148,2019-08-28 14:13:36.443245,0x4000000000000000
148,2019-08-28 14:13:36.443592,0x4000000000000000
148,2019-08-28 14:13:36.443617,0x4000000000000000
148,2019-08-28 14:13:36.443638,0x4000000000000000
148,2019-08-28 14:13:36.443642,0x4000000000000000
148,2019-08-28 14:13:36.443674,0x4000000000000000
148,2019-08-28 14:13:36.443682,0x4000000000000000
148,2019-08-28 14:13:36.443689,0x4000000000000000
228,2019-08-28 14:13:36.444040,0x4000000000000000
72,2019-08-28 14:13:36.444050,0x4000000000000000
72,2019-08-28 14:13:36.444065,0x4000000000000000
148,2019-08-28 14:13:36.444128,0x4000000000000000
148,2019-08-28 14:13:36.444143,0x4000000000000000
148,2019-08-28 14:13:36.444433,0x4000000000000000
148,2019-08-28 14:13:36.444847,0x4000000000000000
148,2019-08-28 14:13:36.446739,0x4000000000000000
72,2019-08-28 14:13:36.447756,0x4000000000000000
72,2019-08-28 14:13:36.448259,0x4000000000000000
72,2019-08-28 14:13:36.449718,0x4000000000000000
103,2019-08-28 14:13:36.449730,0x4000000000000000
148,2019-08-28 14:13:36.461603,0x4000000000000000
131,2019-08-28 14:22:27.475754,0x4000000000000000
65,2019-08-28 14:22:27.477829,0x4000000000000000
72,2019-08-28 14:22:27.480158,0x4000000000000000
72,2019-08-28 14:22:27.480173,0x4000000000000000
141,2019-08-28 14:22:27.481396,0x4000000000000000
101,2019-08-28 14:22:27.517082,0x4000000000000000
132,2019-08-28 14:22:27.517094,0x4000000000000000
132,2019-08-28 14:22:27.517099,0x4000000000000000
72,2019-08-28 14:22:27.517109,0x4000000000000000
72,2019-08-28 14:22:27.517164,0x4000000000000000
104,2019-08-28 14:22:27.517265,0x4000000000000000
71,2019-08-28 14:22:27.517269,0x4000000000000000
227,2019-08-28 14:22:27.517307,0x4000000000000000
72,2019-08-28 14:22:27.517313,0x4000000000000000
72,2019-08-28 14:22:27.517712,0x4000000000000000
72,2019-08-28 14:22:27.517729,0x4000000000000000
98,2019-08-28 14:22:27.517851,0x4000000000000000
100,2019-08-28 14:22:27.517853,0x4000000000000000
101,2019-08-28 14:22:27.517855,0x4000000000000000
135,2019-08-28 14:22:27.517857,0x4000000000000000
135,2019-08-28 14:22:27.517862,0x4000000000000000
72,2019-08-28 14:22:27.518242,0x4000000000000000
72,2019-08-28 14:22:27.518927,0x4000000000000000
66,2019-08-28 14:22:27.566500,0x4000000000000000
33,2019-08-28 14:22:27.571306,0x4000000000000000
132,2019-08-28 14:22:27.571321,0x4000000000000000
132,2019-08-28 14:22:27.572847,0x4000000000000000
132,2019-08-28 14:22:27.572897,0x4000000000000000
132,2019-08-28 14:22:27.572903,0x4000000000000000
169,2019-08-28 14:22:27.573229,0x4000000000000000
72,2019-08-28 14:22:27.573240,0x4000000000000000
72,2019-08-28 14:22:27.573244,0x4000000000000000
163,2019-08-28 14:22:27.573269,0x4000000000000000
132,2019-08-28 14:22:27.573427,0x4000000000000000
132,2019-08-28 14:22:27.573429,0x4000000000000000
132,2019-08-28 14:22:27.573433,0x4000000000000000
148,2019-08-28 14:22:27.573561,0x4000000000000000
148,2019-08-28 14:22:27.573574,0x4000000000000000
148,2019-08-28 14:22:27.573580,0x4000000000000000
72,2019-08-28 14:22:27.608698,0x4000000000000000
132,2019-08-28 14:22:27.903246,0x4000000000000000
132,2019-08-28 14:22:27.906075,0x4000000000000000
227,2019-08-28 14:22:27.906170,0x4000000000000000
148,2019-08-28 14:22:27.906225,0x4000000000000000
132,2019-08-28 14:22:27.906654,0x4000000000000000
227,2019-08-28 14:22:27.906759,0x4000000000000000
148,2019-08-28 14:22:27.906876,0x4000000000000000
132,2019-08-28 14:22:27.909201,0x4000000000000000
132,2019-08-28 14:22:27.913498,0x4000000000000000
148,2019-08-28 14:22:27.913549,0x4000000000000000
227,2019-08-28 14:22:27.913626,0x4000000000000000
227,2019-08-28 14:22:27.969936,0x4000000000000000
258,2019-08-28 14:22:28.063572,0x4000000000000000
227,2019-08-28 14:22:28.083727,0x4000000000000000
228,2019-08-28 14:22:28.986345,0x4000000000000000
72,2019-08-28 14:22:28.986349,0x4000000000000000
72,2019-08-28 14:22:28.986359,0x4000000000000000
72,2019-08-28 14:22:29.108671,0x4000000000000000
72,2019-08-28 14:22:29.108675,0x4000000000000000
148,2019-08-28 14:22:29.379696,0x4000000000000000
148,2019-08-28 14:22:29.400585,0x4000000000000000
66,2019-08-28 14:22:29.605927,0x4000000000000000
72,2019-08-28 14:22:29.934744,0x4000000000000000
72,2019-08-28 14:22:30.414749,0x4000000000000000
132,2019-08-28 14:22:31.112606,0x4000000000000000
227,2019-08-28 14:22:31.112717,0x4000000000000000
148,2019-08-28 14:22:31.113621,0x4000000000000000
132,2019-08-28 14:22:31.552280,0x4000000000000000
132,2019-08-28 14:22:31.563282,0x4000000000000000
227,2019-08-28 14:22:31.563383,0x4000000000000000
148,2019-08-28 14:22:31.563429,0x4000000000000000
132,2019-08-28 14:22:31.566732,0x4000000000000000
227,2019-08-28 14:22:31.566841,0x4000000000000000
148,2019-08-28 14:22:31.566969,0x4000000000000000
132,2019-08-28 14:22:31.569963,0x4000000000000000
132,2019-08-28 14:22:31.904352,0x4000000000000000
227,2019-08-28 14:22:31.904459,0x4000000000000000
148,2019-08-28 14:22:31.906311,0x4000000000000000
132,2019-08-28 14:22:32.165985,0x4000000000000000
148,2019-08-28 14:22:32.166853,0x4000000000000000
227,2019-08-28 14:22:32.167011,0x4000000000000000
132,2019-08-28 14:22:32.196226,0x4000000000000000
227,2019-08-28 14:22:32.196404,0x4000000000000000
148,2019-08-28 14:22:32.196444,0x4000000000000000
132,2019-08-28 14:22:32.379629,0x4000000000000000
142,2019-08-28 14:22:33.495173,0x4000000000000000
226,2019-08-28 14:22:33.495213,0x4000000000000000
72,2019-08-28 14:22:33.576227,0x4000000000000000
102,2019-08-28 14:22:33.576536,0x4000000000000000
145,2019-08-28 14:22:33.576540,0x4000000000000000
148,2019-08-28 14:22:33.576546,0x4000000000000000
148,2019-08-28 14:22:33.576553,0x4000000000000000
148,2019-08-28 14:22:33.576557,0x4000000000000000
148,2019-08-28 14:22:33.576559,0x4000000000000000
148,2019-08-28 14:22:33.576571,0x4000000000000000
148,2019-08-28 14:22:33.576572,0x4000000000000000
148,2019-08-28 14:22:33.576584,0x4000000000000000
148,2019-08-28 14:22:33.576586,0x4000000000000000
148,2019-08-28 14:22:33.576588,0x4000000000000000
148,2019-08-28 14:22:33.576828,0x4000000000000000
148,2019-08-28 14:22:33.576841,0x4000000000000000
148,2019-08-28 14:22:33.577267,0x4000000000000000
148,2019-08-28 14:22:33.579636,0x4000000000000000
228,2019-08-28 14:22:33.589798,0x4000000000000000
72,2019-08-28 14:22:33.589907,0x4000000000000000
72,2019-08-28 14:22:33.589918,0x4000000000000000
72,2019-08-28 14:22:33.650684,0x4000000000000000
72,2019-08-28 14:22:33.650688,0x4000000000000000
72,2019-08-28 14:22:33.651484,0x4000000000000000
103,2019-08-28 14:22:33.651489,0x4000000000000000
131,2019-08-28 14:51:22.108549,0x4000000000000000
65,2019-08-28 14:51:22.111967,0x4000000000000000
72,2019-08-28 14:51:22.115549,0x4000000000000000
72,2019-08-28 14:51:22.115566,0x4000000000000000
141,2019-08-28 14:51:22.133938,0x4000000000000000
101,2019-08-28 14:51:27.080194,0x4000000000000000
132,2019-08-28 14:51:27.080370,0x4000000000000000
132,2019-08-28 14:51:27.080383,0x4000000000000000
72,2019-08-28 14:51:27.080410,0x4000000000000000
72,2019-08-28 14:51:27.080717,0x4000000000000000
104,2019-08-28 14:51:27.080936,0x4000000000000000
71,2019-08-28 14:51:27.080946,0x4000000000000000
227,2019-08-28 14:51:27.081015,0x4000000000000000
72,2019-08-28 14:51:27.081026,0x4000000000000000
72,2019-08-28 14:51:27.086359,0x4000000000000000
72,2019-08-28 14:51:27.086605,0x4000000000000000
98,2019-08-28 14:51:27.087080,0x4000000000000000
100,2019-08-28 14:51:27.087088,0x4000000000000000
101,2019-08-28 14:51:27.087093,0x4000000000000000
135,2019-08-28 14:51:27.087103,0x4000000000000000
135,2019-08-28 14:51:27.087116,0x4000000000000000
72,2019-08-28 14:51:27.088650,0x4000000000000000
72,2019-08-28 14:51:27.088717,0x4000000000000000
66,2019-08-28 14:51:27.287643,0x4000000000000000
33,2019-08-28 14:51:27.294708,0x4000000000000000
132,2019-08-28 14:51:27.294811,0x4000000000000000
132,2019-08-28 14:51:29.263100,0x4000000000000000
132,2019-08-28 14:51:29.263208,0x4000000000000000
132,2019-08-28 14:51:29.263226,0x4000000000000000
169,2019-08-28 14:51:29.263468,0x4000000000000000
72,2019-08-28 14:51:29.263733,0x4000000000000000
72,2019-08-28 14:51:29.263744,0x4000000000000000
163,2019-08-28 14:51:29.263758,0x4000000000000000
132,2019-08-28 14:51:29.264536,0x4000000000000000
132,2019-08-28 14:51:29.264547,0x4000000000000000
132,2019-08-28 14:51:29.264559,0x4000000000000000
148,2019-08-28 14:51:29.264921,0x4000000000000000
148,2019-08-28 14:51:29.264984,0x4000000000000000
148,2019-08-28 14:51:29.267834,0x4000000000000000
72,2019-08-28 14:51:29.336559,0x4000000000000000
132,2019-08-28 14:51:29.446323,0x4000000000000000
227,2019-08-28 14:51:29.446402,0x4000000000000000
148,2019-08-28 14:51:29.446451,0x4000000000000000
132,2019-08-28 14:51:29.452698,0x4000000000000000
227,2019-08-28 14:51:29.452772,0x4000000000000000
148,2019-08-28 14:51:29.452774,0x4000000000000000
227,2019-08-28 14:51:29.573984,0x4000000000000000
227,2019-08-28 14:51:29.637939,0x4000000000000000
258,2019-08-28 14:51:29.668140,0x4000000000000000
142,2019-08-28 14:51:36.108965,0x4000000000000000
226,2019-08-28 14:51:36.109138,0x4000000000000000
72,2019-08-28 14:51:36.247915,0x4000000000000000
102,2019-08-28 14:51:36.249525,0x4000000000000000
145,2019-08-28 14:51:36.249537,0x4000000000000000
148,2019-08-28 14:51:36.249565,0x4000000000000000
148,2019-08-28 14:51:36.249588,0x4000000000000000
148,2019-08-28 14:51:36.249605,0x4000000000000000
148,2019-08-28 14:51:36.249672,0x4000000000000000
148,2019-08-28 14:51:36.249683,0x4000000000000000
148,2019-08-28 14:51:36.249947,0x4000000000000000
148,2019-08-28 14:51:36.249962,0x4000000000000000
148,2019-08-28 14:51:36.249971,0x4000000000000000
148,2019-08-28 14:51:36.249987,0x4000000000000000
148,2019-08-28 14:51:36.249998,0x4000000000000000
148,2019-08-28 14:51:36.250029,0x4000000000000000
228,2019-08-28 14:51:36.251421,0x4000000000000000
72,2019-08-28 14:51:36.251448,0x4000000000000000
72,2019-08-28 14:51:36.251478,0x4000000000000000
72,2019-08-28 14:51:36.327837,0x4000000000000000
72,2019-08-28 14:51:36.327854,0x4000000000000000
72,2019-08-28 14:51:36.337988,0x4000000000000000
103,2019-08-28 14:51:36.338009,0x4000000000000000
131,2019-08-28 14:52:40.476818,0x4000000000000000
65,2019-08-28 14:52:40.488781,0x4000000000000000
72,2019-08-28 14:52:40.497429,0x4000000000000000
72,2019-08-28 14:52:40.497452,0x4000000000000000
141,2019-08-28 14:52:40.499702,0x4000000000000000
101,2019-08-28 14:52:45.542519,0x4000000000000000
132,2019-08-28 14:52:45.542528,0x4000000000000000
132,2019-08-28 14:52:45.542532,0x4000000000000000
72,2019-08-28 14:52:45.542540,0x4000000000000000
72,2019-08-28 14:52:45.542597,0x4000000000000000
104,2019-08-28 14:52:45.542667,0x4000000000000000
71,2019-08-28 14:52:45.542669,0x4000000000000000
227,2019-08-28 14:52:45.542688,0x4000000000000000
72,2019-08-28 14:52:45.542692,0x4000000000000000
72,2019-08-28 14:52:45.543694,0x4000000000000000
72,2019-08-28 14:52:45.543718,0x4000000000000000
98,2019-08-28 14:52:45.543819,0x4000000000000000
100,2019-08-28 14:52:45.543819,0x4000000000000000
101,2019-08-28 14:52:45.543821,0x4000000000000000
135,2019-08-28 14:52:45.543825,0x4000000000000000
135,2019-08-28 14:52:45.543829,0x4000000000000000
72,2019-08-28 14:52:45.544193,0x4000000000000000
72,2019-08-28 14:52:45.544210,0x4000000000000000
66,2019-08-28 14:52:45.590691,0x4000000000000000
33,2019-08-28 14:52:45.595114,0x4000000000000000
132,2019-08-28 14:52:45.595203,0x4000000000000000
132,2019-08-28 14:52:47.597195,0x4000000000000000
132,2019-08-28 14:52:47.597246,0x4000000000000000
132,2019-08-28 14:52:47.597279,0x4000000000000000
169,2019-08-28 14:52:47.597359,0x4000000000000000
72,2019-08-28 14:52:47.597403,0x4000000000000000
72,2019-08-28 14:52:47.597406,0x4000000000000000
163,2019-08-28 14:52:47.597408,0x4000000000000000
132,2019-08-28 14:52:47.597641,0x4000000000000000
132,2019-08-28 14:52:47.597645,0x4000000000000000
132,2019-08-28 14:52:47.597647,0x4000000000000000
148,2019-08-28 14:52:47.598394,0x4000000000000000
148,2019-08-28 14:52:47.598410,0x4000000000000000
148,2019-08-28 14:52:47.598417,0x4000000000000000
72,2019-08-28 14:52:47.631588,0x4000000000000000
132,2019-08-28 14:52:47.779629,0x4000000000000000
148,2019-08-28 14:52:47.779671,0x4000000000000000
227,2019-08-28 14:52:47.779741,0x4000000000000000
132,2019-08-28 14:52:47.784681,0x4000000000000000
148,2019-08-28 14:52:47.784769,0x4000000000000000
227,2019-08-28 14:52:47.784895,0x4000000000000000
227,2019-08-28 14:52:47.824137,0x4000000000000000
227,2019-08-28 14:52:47.874178,0x4000000000000000
258,2019-08-28 14:52:47.908010,0x4000000000000000
142,2019-08-28 14:52:54.918890,0x4000000000000000
226,2019-08-28 14:52:54.919008,0x4000000000000000
72,2019-08-28 14:52:55.046904,0x4000000000000000
102,2019-08-28 14:52:55.048157,0x4000000000000000
145,2019-08-28 14:52:55.048166,0x4000000000000000
148,2019-08-28 14:52:55.048185,0x4000000000000000
148,2019-08-28 14:52:55.048201,0x4000000000000000
148,2019-08-28 14:52:55.048212,0x4000000000000000
148,2019-08-28 14:52:55.048264,0x4000000000000000
148,2019-08-28 14:52:55.048271,0x4000000000000000
148,2019-08-28 14:52:55.048298,0x4000000000000000
148,2019-08-28 14:52:55.048307,0x4000000000000000
148,2019-08-28 14:52:55.048315,0x4000000000000000
148,2019-08-28 14:52:55.048323,0x4000000000000000
148,2019-08-28 14:52:55.048330,0x4000000000000000
148,2019-08-28 14:52:55.048346,0x4000000000000000
228,2019-08-28 14:52:55.049461,0x4000000000000000
72,2019-08-28 14:52:55.049482,0x4000000000000000
72,2019-08-28 14:52:55.049507,0x4000000000000000
72,2019-08-28 14:52:55.126610,0x4000000000000000
72,2019-08-28 14:52:55.126623,0x4000000000000000
72,2019-08-28 14:52:55.154373,0x4000000000000000
103,2019-08-28 14:52:55.154400,0x4000000000000000
33205,2020-07-15 19:39:15.975878,0x0090000000000000
33205,2020-07-15 19:39:36.013323,0x0090000000000000
4625,2021-10-23 21:50:11.666519,0x8010000000000000
4625,2021-10-23 21:51:57.212513,0x8010000000000000
12,2021-12-17 22:44:18.475428,0x8000000000000000
1102,2021-06-03 12:17:56.988220,0x4020000000000000
4688,2021-06-03 12:17:58.582712,0x8020000000000000
4688,2021-06-03 12:18:04.312222,0x8020000000000000
4688,2021-06-03 12:18:06.940384,0x8020000000000000
4964,2021-06-03 12:18:12.941879,0x8020000000000000
4672,2021-06-03 12:18:12.941885,0x8020000000000000
4624,2021-06-03 12:18:12.942875,0x8020000000000000
4627,2021-06-03 12:18:12.942909,0x8020000000000000
5600,2023-04-14 08:22:34.833517,0x8000000000000000
5600,2023-04-14 08:22:34.835985,0x8000000000000000
5600,2023-04-14 08:24:15.211905,0x8000000000000000
5600,2023-04-14 08:24:36.076008,0x8000000000000000
5600,2023-04-14 08:24:41.577044,0x8000000000000000
5600,2023-04-14 08:24:41.580343,0x8000000000000000
5600,2023-04-14 08:24:56.364288,0x8000000000000000
5600,2023-04-14 08:24:56.368073,0x8000000000000000
5600,2023-04-14 08:25:12.220053,0x8000000000000000
5600,2023-04-14 08:25:12.223471,0x8000000000000000
4122,2022-11-01 03:45:34.902161,0x4000000000000000
4122,2022-11-01 03:46:56.820745,0x4000000000000000
4122,2022-11-01 04:00:38.216171,0x4000000000000000
4122,2022-11-01 04:03:14.709251,0x4000000000000000
4122,2022-10-31 10:10:43.870758,0x4000000000000000
4122,2022-10-31 10:26:23.857479,0x4000000000000000
4122,2022-10-31 11:38:34.912788,0x4000000000000000
4122,2022-10-31 17:30:04.108070,0x4000000000000000
4122,2022-11-01 06:58:00.864496,0x4000000000000000
4122,2022-11-01 07:56:56.727798,0x4000000000000000
4122,2022-11-01 13:06:04.677210,0x4000000000000000
4122,2022-11-01 14:16:09.336000,0x4000000000000000
4122,2022-11-01 15:04:54.005711,0x4000000000000000
4122,2022-11-01 21:22:52.067163,0x4000000000000000
796,2022-11-01 21:25:02.989679,0x4000000000000000
817,2022-11-01 21:25:03.260929,0x4000000000000000
840,2022-11-01 21:25:03.283159,0x4000000000000000
775,2022-11-01 21:25:03.283253,0x4000000000000000
775,2022-11-01 21:25:06.651522,0x4000000000000000
780,2022-11-01 21:26:46.325697,0x4000000000000000
768,2022-11-01 21:26:46.384613,0x4000000000000000
4122,2022-11-01 22:12:28.077400,0x4000000000000000
4122,2022-11-01 22:19:21.219536,0x4000000000000000
4122,2022-11-01 22:23:51.297943,0x4000000000000000
4122,2022-11-02 05:51:48.597929,0x4000000000000000
4122,2022-11-09 22:40:05.907934,0x4000000000000000
817,2022-11-09 22:40:09.767920,0x4000000000000000
793,2022-11-09 22:40:09.768066,0x4000000000000000
817,2022-11-09 22:40:11.038012,0x4000000000000000
793,2022-11-09 22:40:11.038124,0x4000000000000000
4122,2022-11-10 13:44:21.664057,0x4000000000000000
4122,2022-11-11 05:41:52.837618,0x4000000000000000
11,2021-12-12 12:01:18.896770,0x8000000000000000
4688,2021-12-19 14:51:04.020325,0x8020000000000000
4688,2021-12-19 14:51:04.099512,0x8020000000000000
4688,2021-12-19 14:51:04.130754,0x8020000000000000
1102,2021-12-19 14:33:08.147545,0x4020000000000000
4688,2021-12-19 14:33:13.678976,0x8020000000000000
4688,2021-12-19 14:33:15.304007,0x8020000000000000
4688,2021-12-19 14:33:15.319628,0x8020000000000000
800,2021-12-19 15:13:49,0x0080000000000000
800,2021-12-19 15:13:49,0x0080000000000000
4104,2021-12-19 15:13:49.010405,0x0000000000000000
4104,2021-12-19 15:13:49.010405,0x0000000000000000
4103,2021-12-19 15:13:49.026022,0x0000000000000000
4103,2021-12-19 15:13:49.026022,0x0000000000000000
4104,2021-12-19 15:13:49.041649,0x0000000000000000
